canonical_drug,n_target_cancers,total_target_trials,completed_target_trials,active_target_trials,total_target_sponsors,therapeutic_category,therapeutic_class_final,taxonomy_status
GEMCITABINE,4,520,462,58,278,UNRESOLVED,UNRESOLVED,UNRESOLVED
CARBOPLATIN,4,463,368,95,169,CHEMOTHERAPY,Platinum Compound,NCIT_DERIVED
CISPLATIN,4,359,293,66,146,CHEMOTHERAPY,Platinum Compound,NCIT_DERIVED
OXALIPLATIN,4,323,278,45,187,CHEMOTHERAPY,Platinum Compound,NCIT_DERIVED
PACLITAXEL,4,297,252,45,130,UNRESOLVED,UNRESOLVED,UNRESOLVED
IRINOTECAN,4,294,257,37,176,CHEMOTHERAPY,Topoisomerase-I Inhibitor,NCIT_DERIVED
FLUOROURACIL,4,274,234,40,158,CHEMOTHERAPY,Fluoropyrimidine,NCIT_DERIVED
BEVACIZUMAB,4,269,219,50,156,IMMUNOTHERAPY,Anti-VEGF Monoclonal Antibody,NCIT_DERIVED
PEMETREXED,4,253,190,63,96,UNRESOLVED,UNRESOLVED,UNRESOLVED
CAPECITABINE,4,234,204,30,155,UNRESOLVED,UNRESOLVED,UNRESOLVED
ERLOTINIB,4,233,223,10,117,TARGETED THERAPY,Tyrosine Kinase Inhibitor,NCIT_DERIVED
DOCETAXEL,4,217,184,33,113,UNRESOLVED,UNRESOLVED,UNRESOLVED
PEMBROLIZUMAB,4,146,92,54,114,IMMUNOTHERAPY,Immune Checkpoint Inhibitor,NCIT_DERIVED
CETUXIMAB,4,127,112,15,86,OTHER / SUPPORTIVE,Angiogenesis Inhibitor,NCIT_DERIVED
NIVOLUMAB,4,124,92,32,90,IMMUNOTHERAPY,Immune Checkpoint Inhibitor,NCIT_DERIVED
ETOPOSIDE,3,118,90,28,56,TARGETED THERAPY,Signal Transduction Inhibitor,NCIT_DERIVED
DURVALUMAB,4,106,48,58,62,IMMUNOTHERAPY,Anti-PD-L1 Monoclonal Antibody,NCIT_DERIVED
ATEZOLIZUMAB,4,100,53,47,59,IMMUNOTHERAPY,Anti-PD-L1 Monoclonal Antibody,NCIT_DERIVED
OSIMERTINIB,1,75,30,45,47,TARGETED THERAPY,Tyrosine Kinase Inhibitor,NCIT_DERIVED
GEFITINIB,4,74,69,5,45,TARGETED THERAPY,Tyrosine Kinase Inhibitor,NCIT_DERIVED
TOPOTECAN,3,62,55,7,36,CHEMOTHERAPY,Topoisomerase-I Inhibitor,NCIT_DERIVED
IPILIMUMAB,4,53,38,15,38,IMMUNOTHERAPY,Anti-CTLA-4 Monoclonal Antibody,NCIT_DERIVED
CYCLOPHOSPHAMIDE,4,48,36,12,35,UNRESOLVED,UNRESOLVED,UNRESOLVED
PANITUMUMAB,3,46,40,6,31,OTHER / SUPPORTIVE,Angiogenesis Inhibitor,NCIT_DERIVED
REGORAFENIB,4,46,37,9,40,UNRESOLVED,UNRESOLVED,UNRESOLVED
CELECOXIB,4,44,44,0,30,OTHER / SUPPORTIVE,Angiogenesis Inhibitor,NCIT_DERIVED
VINORELBINE,1,42,38,4,27,OTHER / SUPPORTIVE,Vinca-Domain Binding Agent,NCIT_DERIVED
LENVATINIB,4,39,28,11,25,TARGETED THERAPY,VEGFR Tyrosine Kinase Inhibitor,NCIT_DERIVED
PEMETREXED DISODIUM,2,31,26,5,18,UNRESOLVED,UNRESOLVED,UNRESOLVED
EVEROLIMUS,4,30,29,1,24,TARGETED THERAPY,Protein Kinase Inhibitor,NCIT_DERIVED
DOXORUBICIN,3,29,24,5,25,CHEMOTHERAPY,Anthracycline Antineoplastic Antibiotic,NCIT_DERIVED
DEXAMETHASONE,4,28,24,4,23,HORMONAL / ENDOCRINE,Therapeutic Corticosteroid,NCIT_DERIVED
TEMOZOLOMIDE,4,27,21,6,23,UNRESOLVED,UNRESOLVED,UNRESOLVED
TRAMETINIB,4,22,17,5,17,TARGETED THERAPY,Mitogen-Activated Protein Kinase Kinase Inhibitor,NCIT_DERIVED
RAMUCIRUMAB,4,21,15,6,14,TARGETED THERAPY,VEGFR-targeting Agent,NCIT_DERIVED
CRIZOTINIB,1,21,13,8,15,TARGETED THERAPY,Multitargeted Tyrosine Kinase Inhibitor,NCIT_DERIVED
OLAPARIB,3,21,12,9,16,TARGETED THERAPY,PARP Inhibitor,NCIT_DERIVED
SUNITINIB,3,20,20,0,13,UNRESOLVED,UNRESOLVED,UNRESOLVED
BORTEZOMIB,4,20,20,0,12,UNRESOLVED,UNRESOLVED,UNRESOLVED
CABOZANTINIB,4,20,17,3,18,TARGETED THERAPY,VEGFR Tyrosine Kinase Inhibitor,NCIT_DERIVED
AFATINIB,1,19,18,1,9,TARGETED THERAPY,Tyrosine Kinase Inhibitor,NCIT_DERIVED
SELUMETINIB,4,18,15,3,11,TARGETED THERAPY,Mitogen-Activated Protein Kinase Kinase Inhibitor,NCIT_DERIVED
FLOXURIDINE,2,18,16,2,11,UNRESOLVED,UNRESOLVED,UNRESOLVED
VORINOSTAT,4,17,16,1,15,UNRESOLVED,UNRESOLVED,UNRESOLVED
ALECTINIB,1,17,11,6,8,TARGETED THERAPY,Tyrosine Kinase Inhibitor,NCIT_DERIVED
AVELUMAB,3,17,17,0,15,IMMUNOTHERAPY,Anti-PD-L1 Monoclonal Antibody,NCIT_DERIVED
METFORMIN,3,16,14,2,15,UNRESOLVED,UNRESOLVED,UNRESOLVED
BINIMETINIB,3,16,13,3,15,TARGETED THERAPY,Mitogen-Activated Protein Kinase Kinase Inhibitor,NCIT_DERIVED
HYDROXYCHLOROQUINE,3,15,13,2,14,UNRESOLVED,UNRESOLVED,UNRESOLVED
VINORELBINE TARTRATE,2,15,15,0,13,OTHER / SUPPORTIVE,Vinca-Domain Binding Agent,NCIT_DERIVED
DASATINIB,4,14,13,1,12,TARGETED THERAPY,Tyrosine Kinase Inhibitor,NCIT_DERIVED
AZACITIDINE,4,13,13,0,12,UNRESOLVED,UNRESOLVED,UNRESOLVED
ENCORAFENIB,2,13,6,7,11,OTHER / SUPPORTIVE,BRAF Inhibitor,NCIT_DERIVED
LIDOCAINE,4,13,13,0,11,UNRESOLVED,UNRESOLVED,UNRESOLVED
PAZOPANIB,4,13,13,0,10,TARGETED THERAPY,VEGFR Tyrosine Kinase Inhibitor,NCIT_DERIVED
LAZERTINIB,1,13,3,10,6,TARGETED THERAPY,Tyrosine Kinase Inhibitor,NCIT_DERIVED
AFLIBERCEPT,1,12,12,0,7,OTHER / SUPPORTIVE,VEGF-targeting Agent,NCIT_DERIVED
VANDETANIB,4,12,12,0,8,TARGETED THERAPY,VEGFR Tyrosine Kinase Inhibitor,NCIT_DERIVED
MIDAZOLAM,3,12,12,0,12,UNRESOLVED,UNRESOLVED,UNRESOLVED
ASPIRIN,2,12,9,3,10,UNRESOLVED,UNRESOLVED,UNRESOLVED
IMATINIB,3,12,12,0,10,TARGETED THERAPY,Multitargeted Tyrosine Kinase Inhibitor,NCIT_DERIVED
COBIMETINIB,4,11,7,4,9,TARGETED THERAPY,Mitogen-Activated Protein Kinase Kinase Inhibitor,NCIT_DERIVED
ABEMACICLIB,3,11,7,4,7,OTHER / SUPPORTIVE,Cyclin-Dependent Kinase 6 Inhibitor,NCIT_DERIVED
OCTREOTIDE,4,11,10,1,11,OTHER / SUPPORTIVE,Somatostatin Receptor Agonist,NCIT_DERIVED
LORLATINIB,1,11,4,7,6,TARGETED THERAPY,Tyrosine Kinase Inhibitor,NCIT_DERIVED
THALIDOMIDE,3,10,10,0,9,OTHER / SUPPORTIVE,Angiogenesis Inhibitor,NCIT_DERIVED
TEMSIROLIMUS,4,10,10,0,7,TARGETED THERAPY,Protein Kinase Inhibitor,NCIT_DERIVED
NINTEDANIB,3,10,9,1,9,TARGETED THERAPY,Tyrosine Kinase Inhibitor,NCIT_DERIVED
DEXMEDETOMIDINE,3,10,10,0,9,UNRESOLVED,UNRESOLVED,UNRESOLVED
FLUDARABINE,3,9,4,5,8,UNRESOLVED,UNRESOLVED,UNRESOLVED
FRUQUINTINIB,2,9,7,2,6,TARGETED THERAPY,VEGFR Tyrosine Kinase Inhibitor,NCIT_DERIVED
DACOMITINIB,2,9,6,3,5,UNRESOLVED,UNRESOLVED,UNRESOLVED
PALBOCICLIB,3,9,8,1,8,OTHER / SUPPORTIVE,Cyclin-Dependent Kinase 6 Inhibitor,NCIT_DERIVED
CERITINIB,2,8,6,2,4,TARGETED THERAPY,Tyrosine Kinase Inhibitor,NCIT_DERIVED
IFOSFAMIDE,2,8,7,1,7,UNRESOLVED,UNRESOLVED,UNRESOLVED
INDOCYANINE GREEN,3,8,8,0,8,UNRESOLVED,UNRESOLVED,UNRESOLVED
VINCRISTINE,3,8,5,3,7,OTHER / SUPPORTIVE,Vinca-Domain Binding Agent,NCIT_DERIVED
NECITUMUMAB,1,8,7,1,2,IMMUNOTHERAPY,Monoclonal Antibody,NCIT_DERIVED
BRIGATINIB,1,8,4,4,6,TARGETED THERAPY,Tyrosine Kinase Inhibitor,NCIT_DERIVED
SIMVASTATIN,4,8,6,2,5,UNRESOLVED,UNRESOLVED,UNRESOLVED
TRIFLURIDINE TIPIRACIL,3,8,4,4,8,OTHER / SUPPORTIVE,Angiogenesis Inhibitor,NCIT_DERIVED
MELPHALAN,2,8,8,0,3,UNRESOLVED,UNRESOLVED,UNRESOLVED
EPIRUBICIN,3,7,7,0,5,CHEMOTHERAPY,Anthracycline Antineoplastic Antibiotic,NCIT_DERIVED
VISMODEGIB,3,7,6,1,4,TARGETED THERAPY,Signal Transduction Inhibitor,NCIT_DERIVED
VEMURAFENIB,3,7,6,1,7,OTHER / SUPPORTIVE,BRAF Inhibitor,NCIT_DERIVED
SUNITINIB MALATE,3,7,7,0,4,TARGETED THERAPY,VEGFR Tyrosine Kinase Inhibitor,NCIT_DERIVED
PARICALCITOL,1,7,7,0,7,UNRESOLVED,UNRESOLVED,UNRESOLVED
DECITABINE,3,7,7,0,5,UNRESOLVED,UNRESOLVED,UNRESOLVED
LURBINECTEDIN,2,7,3,4,7,UNRESOLVED,UNRESOLVED,UNRESOLVED
TEPOTINIB,2,7,4,3,5,TARGETED THERAPY,Tyrosine Kinase Inhibitor,NCIT_DERIVED
SOTORASIB,2,7,4,3,7,OTHER / SUPPORTIVE,KRAS G12C Inhibitor,NCIT_DERIVED
PROPOFOL,3,6,6,0,6,UNRESOLVED,UNRESOLVED,UNRESOLVED
ARSENIC TRIOXIDE,4,6,6,0,6,UNRESOLVED,UNRESOLVED,UNRESOLVED
PEGFILGRASTIM,2,6,6,0,5,UNRESOLVED,UNRESOLVED,UNRESOLVED
CAPMATINIB,2,6,5,1,3,TARGETED THERAPY,Tyrosine Kinase Inhibitor,NCIT_DERIVED
BUPIVACAINE,3,6,5,1,6,OTHER / SUPPORTIVE,Anesthetic Agent,NCIT_DERIVED
SIROLIMUS,3,6,6,0,6,TARGETED THERAPY,Protein Kinase Inhibitor,NCIT_DERIVED
LENALIDOMIDE,3,6,6,0,6,OTHER / SUPPORTIVE,Angiogenesis Inhibitor,NCIT_DERIVED
AXITINIB,3,6,6,0,5,TARGETED THERAPY,VEGFR Tyrosine Kinase Inhibitor,NCIT_DERIVED
ZOLEDRONIC ACID,2,6,5,1,4,UNRESOLVED,UNRESOLVED,UNRESOLVED
IBRUTINIB,3,5,5,0,5,TARGETED THERAPY,Tyrosine Kinase Inhibitor,NCIT_DERIVED
CABOZANTINIB S MALATE,2,5,1,4,2,TARGETED THERAPY,VEGFR Tyrosine Kinase Inhibitor,NCIT_DERIVED
MINOCYCLINE,3,5,4,1,4,OTHER / SUPPORTIVE,Antibiotic,NCIT_DERIVED
ROMIDEPSIN,3,5,5,0,5,UNRESOLVED,UNRESOLVED,UNRESOLVED
TRASTUZUMAB,2,5,4,1,5,IMMUNOTHERAPY,Anti-HER2 Monoclonal Antibody,NCIT_DERIVED
DOXYCYCLINE,3,5,4,1,5,OTHER / SUPPORTIVE,Antibiotic,NCIT_DERIVED
NELFINAVIR,3,5,5,0,4,UNRESOLVED,UNRESOLVED,UNRESOLVED
IXABEPILONE,3,5,5,0,5,UNRESOLVED,UNRESOLVED,UNRESOLVED
ENSARTINIB,1,4,2,2,4,TARGETED THERAPY,Tyrosine Kinase Inhibitor,NCIT_DERIVED
SUNVOZERTINIB,1,4,0,4,2,TARGETED THERAPY,Multitargeted Tyrosine Kinase Inhibitor,NCIT_DERIVED
ANAKINRA,3,4,4,0,3,OTHER / SUPPORTIVE,Angiogenesis Inhibitor,NCIT_DERIVED
MORPHINE,2,4,3,1,2,UNRESOLVED,UNRESOLVED,UNRESOLVED
MITOMYCIN,3,4,3,1,4,UNRESOLVED,UNRESOLVED,UNRESOLVED
PERTUZUMAB,2,4,4,0,3,IMMUNOTHERAPY,Anti-HER2 Monoclonal Antibody,NCIT_DERIVED
RIBOCICLIB,1,4,2,2,2,OTHER / SUPPORTIVE,Cyclin-Dependent Kinase 6 Inhibitor,NCIT_DERIVED
SELPERCATINIB,1,4,0,4,3,OTHER / SUPPORTIVE,RET Inhibitor,NCIT_DERIVED
TOCILIZUMAB,3,4,4,0,4,IMMUNOTHERAPY,Anti-IL-6R Monoclonal Antibody,NCIT_DERIVED
VINBLASTINE,1,4,4,0,4,OTHER / SUPPORTIVE,Vinca-Domain Binding Agent,NCIT_DERIVED
APREPITANT,3,4,4,0,4,UNRESOLVED,UNRESOLVED,UNRESOLVED
FILGRASTIM,2,4,2,2,3,UNRESOLVED,UNRESOLVED,UNRESOLVED
ERIBULIN,2,4,4,0,3,OTHER / SUPPORTIVE,Vinca-Domain Binding Agent,NCIT_DERIVED
ITRACONAZOLE,1,4,4,0,4,UNRESOLVED,UNRESOLVED,UNRESOLVED
DARBEPOETIN ALFA,2,3,3,0,2,UNRESOLVED,UNRESOLVED,UNRESOLVED
DARATUMUMAB,2,3,2,1,3,IMMUNOTHERAPY,Anti-CD38 Monoclonal Antibody,NCIT_DERIVED
GADOBUTROL,2,3,2,1,2,OTHER / SUPPORTIVE,Gadolinium-Chelate,NCIT_DERIVED
ENTECAVIR,1,3,3,0,3,UNRESOLVED,UNRESOLVED,UNRESOLVED
ENTRECTINIB,1,3,0,3,1,TARGETED THERAPY,Tyrosine Kinase Inhibitor,NCIT_DERIVED
DIGOXIN,3,3,2,1,3,UNRESOLVED,UNRESOLVED,UNRESOLVED
ERYTHROMYCIN,2,3,3,0,3,OTHER / SUPPORTIVE,Antibiotic,NCIT_DERIVED
FOLIC ACID,2,3,3,0,3,UNRESOLVED,UNRESOLVED,UNRESOLVED
VARENICLINE,1,3,3,0,3,UNRESOLVED,UNRESOLVED,UNRESOLVED
AMIFOSTINE,1,3,3,0,3,UNRESOLVED,UNRESOLVED,UNRESOLVED
ACETAMINOPHEN,1,3,3,0,3,UNRESOLVED,UNRESOLVED,UNRESOLVED
NICOTINE,1,3,3,0,3,UNRESOLVED,UNRESOLVED,UNRESOLVED
METHOTREXATE,2,3,2,1,3,UNRESOLVED,UNRESOLVED,UNRESOLVED
DESFLURANE,3,3,3,0,3,OTHER / SUPPORTIVE,Anesthetic Agent,NCIT_DERIVED
ILOPROST,1,3,3,0,3,UNRESOLVED,UNRESOLVED,UNRESOLVED
GALLIUM GA 68 GOZETOTIDE,1,3,3,0,1,UNRESOLVED,UNRESOLVED,UNRESOLVED
CARMUSTINE,2,3,2,1,3,UNRESOLVED,UNRESOLVED,UNRESOLVED
ENZALUTAMIDE,3,3,3,0,3,HORMONAL / ENDOCRINE,Hormone Antagonist,NCIT_DERIVED
FENTANYL,2,3,3,0,3,UNRESOLVED,UNRESOLVED,UNRESOLVED
AFATINIB DIMALEATE,2,3,3,0,3,TARGETED THERAPY,Tyrosine Kinase Inhibitor,NCIT_DERIVED
LEVAMISOLE,1,3,3,0,2,UNRESOLVED,UNRESOLVED,UNRESOLVED
LAPATINIB DITOSYLATE,2,3,3,0,2,OTHER / SUPPORTIVE,HER2 Inhibitor,NCIT_DERIVED
LEVOLEUCOVORIN,2,3,2,1,3,UNRESOLVED,UNRESOLVED,UNRESOLVED
CYCLOSPORINE,1,3,3,0,3,OTHER / SUPPORTIVE,Calcineurin Inhibitor,NCIT_DERIVED
KETAMINE,2,3,3,0,3,UNRESOLVED,UNRESOLVED,UNRESOLVED
CARFILZOMIB,1,3,3,0,2,UNRESOLVED,UNRESOLVED,UNRESOLVED
OXYCODONE,2,3,3,0,3,UNRESOLVED,UNRESOLVED,UNRESOLVED
BEXAROTENE,1,3,3,0,3,CHEMOTHERAPY,Antineoplastic Immunomodulating Agent,NCIT_DERIVED
RUXOLITINIB,2,3,3,0,3,TARGETED THERAPY,Tyrosine Kinase Inhibitor,NCIT_DERIVED
ASCORBIC ACID,2,3,2,1,2,UNRESOLVED,UNRESOLVED,UNRESOLVED
RIBAVIRIN,1,3,3,0,3,UNRESOLVED,UNRESOLVED,UNRESOLVED
PONATINIB,1,3,3,0,3,TARGETED THERAPY,VEGFR Tyrosine Kinase Inhibitor,NCIT_DERIVED
SULINDAC,3,3,2,1,3,UNRESOLVED,UNRESOLVED,UNRESOLVED
SODIUM THIOSULFATE,1,2,2,0,2,UNRESOLVED,UNRESOLVED,UNRESOLVED
BENDAMUSTINE,2,2,1,1,2,UNRESOLVED,UNRESOLVED,UNRESOLVED
ROFECOXIB,2,2,2,0,2,OTHER / SUPPORTIVE,Angiogenesis Inhibitor,NCIT_DERIVED
SELINEXOR,2,2,2,0,2,OTHER / SUPPORTIVE,XPO1 Inhibitor,NCIT_DERIVED
ROPIVACAINE,1,2,2,0,2,OTHER / SUPPORTIVE,Anesthetic Agent,NCIT_DERIVED
PRALATREXATE,1,2,2,0,2,UNRESOLVED,UNRESOLVED,UNRESOLVED
PREDNISONE,1,2,2,0,2,HORMONAL / ENDOCRINE,Therapeutic Corticosteroid,NCIT_DERIVED
SOFOSBUVIR,1,2,2,0,2,UNRESOLVED,UNRESOLVED,UNRESOLVED
BELINOSTAT,2,2,2,0,2,UNRESOLVED,UNRESOLVED,UNRESOLVED
STREPTOZOCIN,2,2,1,1,2,UNRESOLVED,UNRESOLVED,UNRESOLVED
LOPERAMIDE,2,2,2,0,2,UNRESOLVED,UNRESOLVED,UNRESOLVED
IDARUBICIN,1,2,2,0,2,CHEMOTHERAPY,Anthracycline Antineoplastic Antibiotic,NCIT_DERIVED
GADOXETATE DISODIUM,1,2,1,1,2,OTHER / SUPPORTIVE,Gadolinium-Chelate,NCIT_DERIVED
IMIQUIMOD,2,2,1,1,2,CHEMOTHERAPY,Antineoplastic Immunomodulating Agent,NCIT_DERIVED
DABIGATRAN ETEXILATE,2,2,2,0,2,OTHER / SUPPORTIVE,Direct Oral Anticoagulant,NCIT_DERIVED
LUTETIUM LU 177 DOTATATE,2,2,1,1,2,CHEMOTHERAPY,Antineoplastic Radiopharmaceutical Agent,NCIT_DERIVED
OBINUTUZUMAB,2,2,2,0,2,IMMUNOTHERAPY,Monoclonal Antibody,NCIT_DERIVED
MEGESTROL,2,2,2,0,2,HORMONAL / ENDOCRINE,Therapeutic Hormone,NCIT_DERIVED
CANAKINUMAB,2,2,1,1,2,IMMUNOTHERAPY,Anti-interleukin-1 Beta Monoclonal Antibody,NCIT_DERIVED
CALCIUM GLUCONATE,1,2,2,0,1,UNRESOLVED,UNRESOLVED,UNRESOLVED
PLERIXAFOR,2,2,2,0,2,UNRESOLVED,UNRESOLVED,UNRESOLVED
PIOGLITAZONE,2,2,1,1,2,UNRESOLVED,UNRESOLVED,UNRESOLVED
BUDESONIDE,1,2,2,0,2,HORMONAL / ENDOCRINE,Therapeutic Corticosteroid,NCIT_DERIVED
PALIFERMIN,2,2,2,0,2,UNRESOLVED,UNRESOLVED,UNRESOLVED
PREGABALIN,1,2,2,0,2,UNRESOLVED,UNRESOLVED,UNRESOLVED
LISINOPRIL,2,2,1,1,2,UNRESOLVED,UNRESOLVED,UNRESOLVED
FUTIBATINIB,2,2,1,1,2,TARGETED THERAPY,Tyrosine Kinase Inhibitor,NCIT_DERIVED
FULVESTRANT,1,2,2,0,2,HORMONAL / ENDOCRINE,Complete Estrogen Receptor Antagonist,NCIT_DERIVED
EXEMESTANE,1,2,2,0,2,HORMONAL / ENDOCRINE,Hormone Antagonist,NCIT_DERIVED
ETANERCEPT,2,2,2,0,2,UNRESOLVED,UNRESOLVED,UNRESOLVED
ETHIODIZED OIL,1,2,1,1,2,OTHER / SUPPORTIVE,Contrast Agent,NCIT_DERIVED
HYDROCORTISONE,2,2,1,1,2,UNRESOLVED,UNRESOLVED,UNRESOLVED
CIPROFLOXACIN,1,2,2,0,2,OTHER / SUPPORTIVE,Fluoroquinolone Antibiotic,NCIT_DERIVED
COLCHICINE,1,2,2,0,1,UNRESOLVED,UNRESOLVED,UNRESOLVED
LINACLOTIDE,1,2,1,1,2,HORMONAL / ENDOCRINE,Therapeutic Hormone,NCIT_DERIVED
VERTEPORFIN,1,2,1,1,1,OTHER / SUPPORTIVE,Porphyrin,NCIT_DERIVED
FERRIC CARBOXYMALTOSE,1,2,2,0,1,UNRESOLVED,UNRESOLVED,UNRESOLVED
DIPHENHYDRAMINE,1,2,2,0,2,UNRESOLVED,UNRESOLVED,UNRESOLVED
VANCOMYCIN,1,2,1,1,2,OTHER / SUPPORTIVE,Antibiotic,NCIT_DERIVED
TUCATINIB,1,2,1,1,2,OTHER / SUPPORTIVE,HER2 Inhibitor,NCIT_DERIVED
ADAGRASIB,1,2,0,2,2,OTHER / SUPPORTIVE,KRAS G12C Inhibitor,NCIT_DERIVED
ACALABRUTINIB,2,2,1,1,2,TARGETED THERAPY,Tyrosine Kinase Inhibitor,NCIT_DERIVED
ATOVAQUONE,1,2,2,0,1,UNRESOLVED,UNRESOLVED,UNRESOLVED
TAZEMETOSTAT,2,2,1,1,2,OTHER / SUPPORTIVE,EZH2 Inhibitor,NCIT_DERIVED
TAMOXIFEN,1,2,2,0,2,HORMONAL / ENDOCRINE,Hormone Antagonist,NCIT_DERIVED
ONDANSETRON,2,2,2,0,2,OTHER / SUPPORTIVE,5-HT3 Receptor Antagonist,NCIT_DERIVED
ZILEUTON,1,2,2,0,2,UNRESOLVED,UNRESOLVED,UNRESOLVED
TIVOZANIB,2,2,2,0,2,TARGETED THERAPY,VEGFR Tyrosine Kinase Inhibitor,NCIT_DERIVED
TRIMETREXATE GLUCURONATE,2,2,2,0,2,UNRESOLVED,UNRESOLVED,UNRESOLVED
ZONGERTINIB,1,2,0,2,1,OTHER / SUPPORTIVE,HER2 Inhibitor,NCIT_DERIVED
OMEPRAZOLE,1,2,2,0,2,UNRESOLVED,UNRESOLVED,UNRESOLVED
KETOROLAC TROMETHAMINE,1,1,0,1,1,UNRESOLVED,UNRESOLVED,UNRESOLVED
L GLUTAMINE,1,1,1,0,1,UNRESOLVED,UNRESOLVED,UNRESOLVED
LOMUSTINE,1,1,1,0,1,UNRESOLVED,UNRESOLVED,UNRESOLVED
LANREOTIDE,1,1,1,0,1,OTHER / SUPPORTIVE,Somatostatin Receptor Agonist,NCIT_DERIVED
LAMIVUDINE,1,1,1,0,1,UNRESOLVED,UNRESOLVED,UNRESOLVED
CLOBETASOL PROPIONATE,1,1,1,0,1,HORMONAL / ENDOCRINE,Therapeutic Corticosteroid,NCIT_DERIVED
COBICISTAT,1,1,1,0,1,UNRESOLVED,UNRESOLVED,UNRESOLVED
GANCICLOVIR,1,1,1,0,1,UNRESOLVED,UNRESOLVED,UNRESOLVED
DESMOPRESSIN,1,1,1,0,1,HORMONAL / ENDOCRINE,Therapeutic Hormone,NCIT_DERIVED
DESLORATADINE,1,1,1,0,1,UNRESOLVED,UNRESOLVED,UNRESOLVED
DENOSUMAB,1,1,1,0,1,IMMUNOTHERAPY,Monoclonal Antibody,NCIT_DERIVED
DEHYDRATED ALCOHOL,1,1,1,0,1,UNRESOLVED,UNRESOLVED,UNRESOLVED
CYTARABINE,1,1,0,1,1,UNRESOLVED,UNRESOLVED,UNRESOLVED
DABRAFENIB,1,1,1,0,1,OTHER / SUPPORTIVE,BRAF Inhibitor,NCIT_DERIVED
GLIPIZIDE,1,1,0,1,1,UNRESOLVED,UNRESOLVED,UNRESOLVED
ICOSAPENT ETHYL,1,1,0,1,1,UNRESOLVED,UNRESOLVED,UNRESOLVED
IBUPROFEN,1,1,1,0,1,UNRESOLVED,UNRESOLVED,UNRESOLVED
ISOTRETINOIN,1,1,1,0,1,CHEMOTHERAPY,Antineoplastic Immunomodulating Agent,NCIT_DERIVED
IVOSIDENIB,1,1,0,1,1,OTHER / SUPPORTIVE,IDH1 Inhibitor,NCIT_DERIVED
ISOSULFAN BLUE,1,1,1,0,1,OTHER / SUPPORTIVE,Dye,NCIT_DERIVED
CHLORHEXIDINE GLUCONATE,1,1,1,0,1,UNRESOLVED,UNRESOLVED,UNRESOLVED
INTERFERON ALFA 2B,1,1,1,0,1,OTHER / SUPPORTIVE,Angiogenesis Inhibitor,NCIT_DERIVED
DAPAGLIFLOZIN,1,1,1,0,1,OTHER / SUPPORTIVE,SGLT2 Inhibitor,NCIT_DERIVED
DONEPEZIL,1,1,1,0,1,UNRESOLVED,UNRESOLVED,UNRESOLVED
DIPYRIDAMOLE,1,1,1,0,1,UNRESOLVED,UNRESOLVED,UNRESOLVED
ABIRATERONE,1,1,1,0,1,HORMONAL / ENDOCRINE,Hormone Antagonist,NCIT_DERIVED
DULOXETINE,1,1,0,1,1,UNRESOLVED,UNRESOLVED,UNRESOLVED
EFLORNITHINE,1,1,1,0,1,TARGETED THERAPY,Signal Transduction Inhibitor,NCIT_DERIVED
VALPROIC ACID,1,1,1,0,1,UNRESOLVED,UNRESOLVED,UNRESOLVED
VALACYCLOVIR,1,1,1,0,1,UNRESOLVED,UNRESOLVED,UNRESOLVED
DEXTROSE,1,1,1,0,1,UNRESOLVED,UNRESOLVED,UNRESOLVED
ALFENTANIL,1,1,1,0,1,UNRESOLVED,UNRESOLVED,UNRESOLVED
ALDESLEUKIN,1,1,1,0,1,OTHER / SUPPORTIVE,Recombinant Interleukin-2,NCIT_DERIVED
ADO TRASTUZUMAB EMTANSINE,1,1,0,1,1,OTHER / SUPPORTIVE,Anti-HER2 Antibody-drug Conjugate,NCIT_DERIVED
ACYCLOVIR,1,1,1,0,1,UNRESOLVED,UNRESOLVED,UNRESOLVED
APIXABAN,1,1,1,0,1,OTHER / SUPPORTIVE,Direct Oral Anticoagulant,NCIT_DERIVED
ARMODAFINIL,1,1,1,0,1,UNRESOLVED,UNRESOLVED,UNRESOLVED
UREA,1,1,1,0,1,UNRESOLVED,UNRESOLVED,UNRESOLVED
URSODIOL,1,1,1,0,1,UNRESOLVED,UNRESOLVED,UNRESOLVED
EPINEPHRINE,1,1,1,0,1,UNRESOLVED,UNRESOLVED,UNRESOLVED
EFAVIRENZ,1,1,1,0,1,UNRESOLVED,UNRESOLVED,UNRESOLVED
ETOMIDATE,1,1,1,0,1,OTHER / SUPPORTIVE,Anesthetic Agent,NCIT_DERIVED
FAMOTIDINE,1,1,1,0,1,UNRESOLVED,UNRESOLVED,UNRESOLVED
FERROUS,1,1,1,0,1,UNRESOLVED,UNRESOLVED,UNRESOLVED
ELBASVIR GRAZOPREVIR,1,1,1,0,1,UNRESOLVED,UNRESOLVED,UNRESOLVED
ENALAPRIL,1,1,1,0,1,UNRESOLVED,UNRESOLVED,UNRESOLVED
DUPILUMAB,1,1,1,0,1,IMMUNOTHERAPY,Monoclonal Antibody,NCIT_DERIVED
FOSTAMATINIB DISODIUM,1,1,1,0,1,TARGETED THERAPY,Tyrosine Kinase Inhibitor,NCIT_DERIVED
FLUOXETINE,1,1,1,0,1,UNRESOLVED,UNRESOLVED,UNRESOLVED
GLUCAGON,1,1,1,0,1,UNRESOLVED,UNRESOLVED,UNRESOLVED
HEXAMINOLEVULINATE,1,1,1,0,1,UNRESOLVED,UNRESOLVED,UNRESOLVED
INAVOLISIB,1,1,0,1,1,TARGETED THERAPY,Protein Kinase Inhibitor,NCIT_DERIVED
INDOMETHACIN,1,1,1,0,1,UNRESOLVED,UNRESOLVED,UNRESOLVED
IRON SUCROSE,1,1,1,0,1,UNRESOLVED,UNRESOLVED,UNRESOLVED
FUROSEMIDE,1,1,1,0,1,UNRESOLVED,UNRESOLVED,UNRESOLVED
MARAVIROC,1,1,1,0,1,UNRESOLVED,UNRESOLVED,UNRESOLVED
LUBIPROSTONE,1,1,1,0,1,UNRESOLVED,UNRESOLVED,UNRESOLVED
LITHIUM CARBONATE,1,1,1,0,1,UNRESOLVED,UNRESOLVED,UNRESOLVED
PIPERACILLIN TAZOBACTAM,1,1,1,0,1,OTHER / SUPPORTIVE,Antibiotic,NCIT_DERIVED
POMALIDOMIDE,1,1,1,0,1,OTHER / SUPPORTIVE,Angiogenesis Inhibitor,NCIT_DERIVED
PIRFENIDONE,1,1,1,0,1,UNRESOLVED,UNRESOLVED,UNRESOLVED
PEXIDARTINIB,1,1,1,0,1,TARGETED THERAPY,Multitargeted Tyrosine Kinase Inhibitor,NCIT_DERIVED
PERFLUTREN,1,1,1,0,1,UNRESOLVED,UNRESOLVED,UNRESOLVED
PEGINTERFERON ALFA 2A,1,1,1,0,1,OTHER / SUPPORTIVE,Angiogenesis Inhibitor,NCIT_DERIVED
CARBAMAZEPINE,1,1,1,0,1,UNRESOLVED,UNRESOLVED,UNRESOLVED
PALONOSETRON,1,1,1,0,1,OTHER / SUPPORTIVE,5-HT3 Receptor Antagonist,NCIT_DERIVED
BUMETANIDE,1,1,0,1,1,UNRESOLVED,UNRESOLVED,UNRESOLVED
CALCITRIOL,1,1,1,0,1,UNRESOLVED,UNRESOLVED,UNRESOLVED
CALASPARGASE PEGOL MKNL,1,1,1,0,1,UNRESOLVED,UNRESOLVED,UNRESOLVED
CAFFEINE,1,1,1,0,1,UNRESOLVED,UNRESOLVED,UNRESOLVED
CALFACTANT,1,1,1,0,1,UNRESOLVED,UNRESOLVED,UNRESOLVED
CABAZITAXEL,1,1,1,0,1,UNRESOLVED,UNRESOLVED,UNRESOLVED
MOBOCERTINIB,1,1,0,1,1,TARGETED THERAPY,EGFR Exon 20 Inhibitor,NCIT_DERIVED
MIDOSTAURIN,1,1,1,0,1,TARGETED THERAPY,Protein Kinase C Inhibitor,NCIT_DERIVED
MIRTAZAPINE,1,1,1,0,1,UNRESOLVED,UNRESOLVED,UNRESOLVED
METRONIDAZOLE,1,1,0,1,1,UNRESOLVED,UNRESOLVED,UNRESOLVED
MESNA,1,1,1,0,1,UNRESOLVED,UNRESOLVED,UNRESOLVED
METHYLENE BLUE,1,1,1,0,1,OTHER / SUPPORTIVE,Dye,NCIT_DERIVED
MYCOPHENOLATE MOFETIL,1,1,1,0,1,UNRESOLVED,UNRESOLVED,UNRESOLVED
NITROUS OXIDE,1,1,1,0,1,OTHER / SUPPORTIVE,Anesthetic Agent,NCIT_DERIVED
NITROGEN,1,1,1,0,1,UNRESOLVED,UNRESOLVED,UNRESOLVED
NERATINIB,1,1,1,0,1,TARGETED THERAPY,Multitargeted Tyrosine Kinase Inhibitor,NCIT_DERIVED
NEOMYCIN,1,1,0,1,1,OTHER / SUPPORTIVE,Antibiotic,NCIT_DERIVED
OMAVELOXOLONE,1,1,1,0,1,UNRESOLVED,UNRESOLVED,UNRESOLVED
OMALIZUMAB,1,1,1,0,1,IMMUNOTHERAPY,Monoclonal Antibody,NCIT_DERIVED
OLARATUMAB,1,1,1,0,1,IMMUNOTHERAPY,Monoclonal Antibody,NCIT_DERIVED
OZANIMOD,1,1,1,0,1,UNRESOLVED,UNRESOLVED,UNRESOLVED
MECLIZINE,1,1,1,0,1,UNRESOLVED,UNRESOLVED,UNRESOLVED
MEPERIDINE,1,1,1,0,1,UNRESOLVED,UNRESOLVED,UNRESOLVED
METOCLOPRAMIDE,1,1,1,0,1,UNRESOLVED,UNRESOLVED,UNRESOLVED
MODAFINIL,1,1,1,0,1,UNRESOLVED,UNRESOLVED,UNRESOLVED
PEMIGATINIB,1,1,1,0,1,TARGETED THERAPY,Tyrosine Kinase Inhibitor,NCIT_DERIVED
PENTOSTATIN,1,1,1,0,1,UNRESOLVED,UNRESOLVED,UNRESOLVED
PENTOXIFYLLINE,1,1,1,0,1,UNRESOLVED,UNRESOLVED,UNRESOLVED
RIFAXIMIN,1,1,1,0,1,OTHER / SUPPORTIVE,Antibiotic,NCIT_DERIVED
REMIFENTANIL,1,1,1,0,1,UNRESOLVED,UNRESOLVED,UNRESOLVED
PYRVINIUM PAMOATE,1,1,0,1,1,UNRESOLVED,UNRESOLVED,UNRESOLVED
PRUCALOPRIDE,1,1,1,0,1,UNRESOLVED,UNRESOLVED,UNRESOLVED
REPOTRECTINIB,1,1,0,1,1,TARGETED THERAPY,ROS1 Inhibitor,NCIT_DERIVED
RIFAMPIN,1,1,1,0,1,UNRESOLVED,UNRESOLVED,UNRESOLVED
RITUXIMAB,1,1,1,0,1,IMMUNOTHERAPY,Monoclonal Antibody,NCIT_DERIVED
RILUZOLE,1,1,1,0,1,OTHER / SUPPORTIVE,Anticonvulsant Agent,NCIT_DERIVED
PROPRANOLOL,1,1,0,1,1,UNRESOLVED,UNRESOLVED,UNRESOLVED
SUFENTANIL,1,1,1,0,1,UNRESOLVED,UNRESOLVED,UNRESOLVED
SONIDEGIB,1,1,0,1,1,TARGETED THERAPY,Signal Transduction Inhibitor,NCIT_DERIVED
SODIUM PHENYLBUTYRATE,1,1,1,0,1,OTHER / SUPPORTIVE,Fatty Acid,NCIT_DERIVED
SODIUM CHLORIDE,1,1,1,0,1,UNRESOLVED,UNRESOLVED,UNRESOLVED
SILDENAFIL,1,1,1,0,1,UNRESOLVED,UNRESOLVED,UNRESOLVED
AURANOFIN,1,1,1,0,1,UNRESOLVED,UNRESOLVED,UNRESOLVED
TADALAFIL,1,1,1,0,1,UNRESOLVED,UNRESOLVED,UNRESOLVED
TAMSULOSIN,1,1,1,0,1,UNRESOLVED,UNRESOLVED,UNRESOLVED
BRENTUXIMAB VEDOTIN,1,1,1,0,1,CHEMOTHERAPY,Tubulin Inhibitor-containing Antibody-drug Conjugate,NCIT_DERIVED
TRABECTEDIN,1,1,1,0,1,UNRESOLVED,UNRESOLVED,UNRESOLVED
THIOTEPA,1,1,1,0,1,UNRESOLVED,UNRESOLVED,UNRESOLVED
TIMOLOL,1,1,0,1,1,UNRESOLVED,UNRESOLVED,UNRESOLVED
TETRACYCLINE,1,1,1,0,1,OTHER / SUPPORTIVE,Antibiotic,NCIT_DERIVED
TOFACITINIB,1,1,1,0,1,TARGETED THERAPY,Tyrosine Kinase Inhibitor,NCIT_DERIVED
TRETINOIN,1,1,1,0,1,CHEMOTHERAPY,Antineoplastic Immunomodulating Agent,NCIT_DERIVED
TRANEXAMIC ACID,1,1,1,0,1,OTHER / SUPPORTIVE,Hemostatic Agent,NCIT_DERIVED
