cancer_indication,opportunity_S1_BALANCED,opportunity_S2_BURDEN_FOCUS,opportunity_S3_UNMET_NEED_FOCUS,opportunity_S4_ACTIVITY_FOCUS,opportunity_S5_COMPETITION_PENALTY,opportunity_S6_UNMET_COMPETITION,mean_opportunity_score,sd_opportunity_score,min_opportunity_score,max_opportunity_score,score_range,mean_rank,best_rank,worst_rank,rank_range,top5_count,top10_count,mean_score_rank,score_stability,rank_stability,robustness_index
THYROID,0.041269841269841234,0.0845238095238095,0.052380952380952375,0.0714285714285714,0.014682539682539644,0.011111111111111086,0.045899470899470864,0.029636951098457525,0.011111111111111086,0.0845238095238095,0.07341269841269842,21.0,21.0,21.0,0.0,0,0,21.0,0.9975833484825821,1.0,0.998791674241291
LARYNX,0.11825396825396821,0.14166666666666664,0.17261904761904762,0.12619047619047616,0.0948412698412698,0.11031746031746033,0.1273148148148148,0.027148677398196028,0.0948412698412698,0.17261904761904762,0.07777777777777782,19.833333333333332,19.0,20.0,1.0,0,0,20.0,1.0,0.5,0.75
BLADDER,0.29682539682539677,0.36428571428571427,0.3214285714285714,0.35238095238095235,0.24841269841269842,0.24126984126984125,0.30410052910052904,0.051682248806430256,0.24126984126984125,0.36428571428571427,0.12301587301587302,13.333333333333334,13.0,14.0,1.0,0,0,14.0,0.9766720685491478,0.5,0.738336034274574
LUNG,0.5587301587301587,0.6428571428571428,0.6214285714285716,0.6452380952380953,0.4793650793650793,0.4722222222222222,0.569973544973545,0.07939272005447631,0.4722222222222222,0.6452380952380953,0.17301587301587307,1.1666666666666667,1.0,2.0,1.0,6,6,1.0,0.9515986705435221,0.5,0.7257993352717611
CERVICAL,0.19444444444444448,0.22142857142857142,0.2678571428571429,0.20238095238095233,0.1650793650793651,0.1865079365079365,0.2062830687830688,0.03539755201285199,0.1650793650793651,0.2678571428571429,0.1027777777777778,17.0,16.0,18.0,2.0,0,0,17.0,0.9920331329752325,0.3333333333333333,0.6626832331542829
ENDOMETRIAL,0.16190476190476188,0.22261904761904755,0.1880952380952381,0.20238095238095238,0.1226190476190476,0.12142857142857141,0.16984126984126982,0.041986302341098757,0.12142857142857141,0.22261904761904755,0.10119047619047614,17.5,16.0,18.0,2.0,0,0,18.0,0.98576024952577,0.3333333333333333,0.6595467914295516
RENAL,0.2428571428571428,0.30357142857142855,0.26428571428571423,0.2857142857142857,0.20357142857142851,0.19999999999999996,0.24999999999999997,0.04255848317076068,0.19999999999999996,0.30357142857142855,0.10357142857142859,15.333333333333334,15.0,17.0,2.0,0,0,15.0,0.9852192409142377,0.3333333333333333,0.6592762871237855
PANCREATIC,0.5119047619047619,0.5803571428571428,0.5928571428571429,0.5345238095238094,0.4660714285714285,0.48928571428571427,0.5291666666666667,0.050150001752113246,0.4660714285714285,0.5928571428571429,0.12678571428571433,2.0,1.0,3.0,2.0,6,6,2.0,0.9780971058272238,0.3333333333333333,0.6557152195802786
COLORECTAL,0.4587301587301587,0.5380952380952382,0.4880952380952381,0.538095238095238,0.3936507936507936,0.37936507936507935,0.466005291005291,0.06881353619078547,0.37936507936507935,0.5380952380952382,0.15873015873015883,3.1666666666666665,2.0,4.0,2.0,6,6,3.0,0.9610176542663543,0.3333333333333333,0.6471754937998438
BRAIN / CNS,0.3753968253968254,0.42857142857142866,0.48214285714285726,0.43095238095238103,0.3055555555555556,0.3198412698412698,0.39041005291005293,0.06916720927337128,0.3055555555555556,0.48214285714285726,0.17658730158730168,7.166666666666667,5.0,8.0,3.0,1,6,7.0,0.9606997563049731,0.25,0.6053498781524865
MELANOMA,0.1603174603174603,0.21904761904761905,0.1738095238095238,0.23333333333333328,0.10634920634920633,0.0873015873015873,0.16335978835978834,0.058567807920670616,0.0873015873015873,0.23333333333333328,0.14603174603174598,18.5,16.0,20.0,4.0,0,0,19.0,0.9703192083800557,0.2,0.5851596041900279
OVARIAN,0.3603174603174603,0.3892857142857143,0.4523809523809524,0.4119047619047619,0.30039682539682544,0.30873015873015874,0.3705026455026455,0.05933868920824802,0.30039682539682544,0.4523809523809524,0.15198412698412694,9.166666666666666,7.0,11.0,4.0,0,5,9.0,0.9696131066126633,0.2,0.5848065533063317
GALLBLADDER,0.1968253968253968,0.20952380952380953,0.27619047619047626,0.1761904761904762,0.1841269841269841,0.21746031746031744,0.21005291005291005,0.035841630696324345,0.1761904761904762,0.27619047619047626,0.10000000000000006,16.5,14.0,19.0,5.0,0,0,16.0,0.9916078355604566,0.16666666666666666,0.5791372511135616
STOMACH,0.33412698412698405,0.3547619047619047,0.4035714285714286,0.37619047619047613,0.2873015873015872,0.292063492063492,0.3413359788359788,0.046190487554317795,0.2873015873015872,0.4035714285714286,0.11626984126984136,11.5,9.0,14.0,5.0,0,2,12.0,0.9817989071945818,0.16666666666666666,0.5742327869306243
LIVER,0.3968253968253968,0.46607142857142864,0.48095238095238096,0.41904761904761906,0.3501984126984128,0.3746031746031746,0.4146164021164021,0.05125421568037596,0.3501984126984128,0.48095238095238096,0.13075396825396818,5.5,4.0,9.0,5.0,4,6,4.0,0.9770697344917862,0.16666666666666666,0.5718682005792265
MULTIPLE MYELOMA,0.36666666666666664,0.3845238095238095,0.42499999999999993,0.4392857142857143,0.305952380952381,0.29404761904761906,0.3692460317460317,0.05985818778999781,0.29404761904761906,0.4392857142857143,0.14523809523809522,8.666666666666666,7.0,12.0,5.0,0,5,10.0,0.9691378424315358,0.16666666666666666,0.5679022545491013
LEUKEMIA,0.39603174603174596,0.4488095238095238,0.45357142857142857,0.5047619047619046,0.3099206349206349,0.2873015873015873,0.40006613756613746,0.08609096270268146,0.2873015873015873,0.5047619047619046,0.21746031746031735,6.5,5.0,10.0,5.0,2,6,6.0,0.9457298814476728,0.16666666666666666,0.5561982740571697
LYMPHOMA,0.35952380952380947,0.419047619047619,0.39642857142857146,0.45952380952380956,0.2833333333333333,0.2595238095238095,0.3628968253968254,0.07828380496262015,0.2595238095238095,0.45952380952380956,0.20000000000000007,10.0,6.0,12.0,6.0,0,2,11.0,0.9525773017000873,0.14285714285714285,0.5477172222786151
PROSTATE,0.30079365079365084,0.3904761904761905,0.3083333333333334,0.40238095238095234,0.2277777777777778,0.19920634920634922,0.30482804232804234,0.08242987837700805,0.19920634920634922,0.40238095238095234,0.20317460317460312,13.0,10.0,16.0,6.0,0,1,13.0,0.9489286076787712,0.14285714285714285,0.545892875267957
ESOPHAGUS,0.3896825396825397,0.42976190476190473,0.4892857142857144,0.38333333333333336,0.35912698412698413,0.39603174603174607,0.4078703703703703,0.045949171055109574,0.35912698412698413,0.4892857142857144,0.13015873015873025,5.833333333333333,3.0,12.0,9.0,3,5,5.0,0.9820254232450429,0.1,0.5410127116225215
BREAST,0.37857142857142856,0.4607142857142857,0.3892857142857143,0.5047619047619047,0.2916666666666667,0.2523809523809524,0.37956349206349205,0.09618404229622199,0.2523809523809524,0.5047619047619047,0.2523809523809524,8.333333333333334,4.0,12.0,8.0,2,4,8.0,0.9370221037396105,0.1111111111111111,0.5240666074253608
