cancer_indication,rank_S1_BALANCED,rank_S2_BURDEN_FOCUS,rank_S3_UNMET_NEED_FOCUS,rank_S4_ACTIVITY_FOCUS,rank_S5_COMPETITION_PENALTY,rank_S6_UNMET_COMPETITION,mean_rank,best_rank,worst_rank,rank_range,top5_count,top10_count
LUNG,1.0,1.0,1.0,1.0,1.0,2.0,1.1666666666666667,1.0,2.0,1.0,6,6
PANCREATIC,2.0,2.0,2.0,3.0,2.0,1.0,2.0,1.0,3.0,2.0,6,6
COLORECTAL,3.0,3.0,4.0,2.0,3.0,4.0,3.1666666666666665,2.0,4.0,2.0,6,6
LIVER,4.0,4.0,6.0,9.0,5.0,5.0,5.5,4.0,9.0,5.0,4,6
ESOPHAGUS,6.0,7.0,3.0,12.0,4.0,3.0,5.833333333333333,3.0,12.0,9.0,3,5
LEUKEMIA,5.0,6.0,7.0,5.0,6.0,10.0,6.5,5.0,10.0,5.0,2,6
BRAIN / CNS,8.0,8.0,5.0,8.0,8.0,6.0,7.166666666666667,5.0,8.0,3.0,1,6
MULTIPLE MYELOMA,9.0,12.0,9.0,7.0,7.0,8.0,8.666666666666666,7.0,12.0,5.0,0,5
OVARIAN,10.0,11.0,8.0,10.0,9.0,7.0,9.166666666666666,7.0,11.0,4.0,0,5
