cancer_indication,cancer_rank,canonical_drug,indication_trials,active_not_recruiting_trials,completed_trials,unique_sponsors
LUNG,1,CARBOPLATIN,450,91,359,157
LUNG,2,PEMETREXED,246,63,183,90
LUNG,3,CISPLATIN,303,56,247,105
LUNG,4,PEMBROLIZUMAB,101,46,55,75
LUNG,5,OSIMERTINIB,75,45,30,47
LUNG,6,PACLITAXEL,285,42,243,120
LUNG,7,DURVALUMAB,70,41,29,35
LUNG,8,DOCETAXEL,199,33,166,96
LUNG,9,ETOPOSIDE,114,26,88,52
LUNG,10,ATEZOLIZUMAB,65,26,39,32
PANCREATIC,1,GEMCITABINE,325,35,290,182
PANCREATIC,2,FLUOROURACIL,66,11,55,46
PANCREATIC,3,IRINOTECAN,41,11,30,32
PANCREATIC,4,OXALIPLATIN,62,9,53,51
PANCREATIC,5,CAPECITABINE,63,7,56,46
PANCREATIC,6,CISPLATIN,36,5,31,24
PANCREATIC,7,NIVOLUMAB,15,4,11,9
PANCREATIC,8,OLAPARIB,7,4,3,6
PANCREATIC,9,PEMBROLIZUMAB,15,3,12,11
PANCREATIC,10,CYCLOPHOSPHAMIDE,14,3,11,4
COLORECTAL,1,OXALIPLATIN,234,33,201,115
COLORECTAL,2,BEVACIZUMAB,141,27,114,87
COLORECTAL,3,FLUOROURACIL,195,25,170,100
COLORECTAL,4,CAPECITABINE,157,23,134,98
COLORECTAL,5,IRINOTECAN,208,21,187,112
COLORECTAL,6,CETUXIMAB,87,12,75,54
COLORECTAL,7,NIVOLUMAB,29,10,19,25
COLORECTAL,8,ATEZOLIZUMAB,16,10,6,13
COLORECTAL,9,REGORAFENIB,39,8,31,33
COLORECTAL,10,PANITUMUMAB,43,6,37,28
LIVER,1,DURVALUMAB,18,13,5,10
LIVER,2,BEVACIZUMAB,26,12,14,14
LIVER,3,ATEZOLIZUMAB,14,8,6,9
LIVER,4,LENVATINIB,21,7,14,16
LIVER,5,CISPLATIN,15,4,11,12
LIVER,6,GEMCITABINE,13,4,9,11
LIVER,7,DOXORUBICIN,20,3,17,16
LIVER,8,CARBOPLATIN,9,3,6,8
LIVER,9,OXALIPLATIN,19,2,17,13
LIVER,10,NIVOLUMAB,18,2,16,14
