cancer_indication,incidence_cases,deaths,mortality_incidence_ratio,mortality_incidence_percent,incidence_death_ratio,mortality_rate_proxy,incidence_rank,death_rank,mortality_ratio_rank,epidemiology_source_type,epidemiology_geography,epidemiology_year,epidemiology_icd10,epidemiology_sex
BREAST,274375.0,42900.0,0.15635535307517084,15.635535307517085,6.395687645687645,0.15635535307517084,1.0,4.0,18.0,ORIGINAL_DATA,,,,
PROSTATE,230125.0,33746.0,0.1466420423682781,14.66420423682781,6.8193267350204465,0.1466420423682781,2.0,5.0,19.0,ORIGINAL_DATA,,,,
LUNG,226033.0,127653.0,0.5647538191326046,56.475381913260456,1.770683023509044,0.5647538191326046,3.0,1.0,6.0,ORIGINAL_DATA,,,,
COLORECTAL,160186.0,54614.0,0.34094115590625895,34.0941155906259,2.9330574577947046,0.34094115590625895,4.0,2.0,12.0,ORIGINAL_DATA,,,,
MELANOMA,101388.0,7368.0,0.07267132204994674,7.267132204994674,13.760586319218241,0.07267132204994674,5.0,17.0,20.0,ORIGINAL_DATA,,,,
BLADDER,80404.0,17705.0,0.22020048753793345,22.020048753793343,4.5413160124258685,0.22020048753793345,6.0,10.0,15.0,ORIGINAL_DATA,,,,
LYMPHOMA,77956.0,20827.0,0.2671635281440813,26.71635281440813,3.7430258798674796,0.2671635281440813,7.0,8.0,14.0,ORIGINAL_DATA,,,,
RENAL,71759.0,14295.0,0.1992084616563776,19.92084616563776,5.019867086393844,0.1992084616563776,8.0,12.0,16.0,ORIGINAL_DATA,,,,
ENDOMETRIAL,66055.0,11939.0,0.18074331996063886,18.074331996063886,5.532707931987604,0.18074331996063886,9.0,15.0,17.0,ORIGINAL_DATA,,,,
LEUKEMIA,63144.0,23460.0,0.3715317369821361,37.15317369821361,2.69156010230179,0.3715317369821361,10.0,7.0,11.0,ORIGINAL_DATA,,,,
PANCREATIC,60127.0,49491.0,0.8231077552513846,82.31077552513845,1.2149077610070518,0.8231077552513846,11.0,3.0,2.0,ORIGINAL_DATA,,,,
THYROID,52169.0,2244.0,0.04301405048975445,4.301405048975445,23.248217468805706,0.04301405048975445,12.0,20.0,21.0,ORIGINAL_DATA,,,,
LIVER,43492.0,30931.0,0.7111882645084153,71.11882645084154,1.4060974426950308,0.7111882645084153,13.0,6.0,4.0,ORIGINAL_DATA,,,,
MULTIPLE MYELOMA,32258.0,13067.0,0.40507781015562033,40.50778101556203,2.4686615137368944,0.40507781015562033,14.0,14.0,10.0,ORIGINAL_DATA,,,,
STOMACH,25554.0,10976.0,0.42952179697894655,42.95217969789466,2.32817055393586,0.42952179697894655,15.0,16.0,8.0,ORIGINAL_DATA,,,,
BRAIN / CNS,24940.0,18545.0,0.7435846030473136,74.35846030473135,1.3448368832569426,0.7435846030473136,16.0,9.0,3.0,US_GLOBOCAN_2022,United States of America,2022.0,C70-C72,Both sexes
OVARIAN,21179.0,13273.0,0.6267056990415034,62.67056990415034,1.5956452949596927,0.6267056990415034,17.0,13.0,5.0,ORIGINAL_DATA,,,,
ESOPHAGUS,18747.0,16469.0,0.8784872246226063,87.84872246226062,1.1383204809035157,0.8784872246226063,18.0,11.0,1.0,ORIGINAL_DATA,,,,
CERVICAL,13920.0,5932.0,0.42614942528735633,42.61494252873563,2.346594740391099,0.42614942528735633,19.0,18.0,9.0,ORIGINAL_DATA,,,,
LARYNX,12172.0,3884.0,0.3190930003286231,31.90930003286231,3.133882595262616,0.3190930003286231,20.0,19.0,13.0,ORIGINAL_DATA,,,,
GALLBLADDER,4719.0,2136.0,0.452638270820089,45.2638270820089,2.2092696629213484,0.452638270820089,21.0,21.0,7.0,ORIGINAL_DATA,,,,
