cancer_indication,drugs_with_trials,drug_cancer_pairs,total_trials,total_phase1_trials,total_phase2_trials,total_phase3_trials,total_phase4_trials,total_late_stage_trials,total_early_stage_trials,total_mid_stage_trials,drugs_with_phase3,drugs_with_phase4,unique_sponsors,trials_per_drug,phase3_drug_fraction,phase4_drug_fraction,late_stage_trial_fraction,competition_density
BLADDER,100,100,617,56,355,122,5,138,60,405,25,5,145,6.17,0.25,0.05,0.22366288492706646,0.6896551724137931
BRAIN / CNS,211,211,1207,296,510,126,17,138,334,661,45,12,252,5.720379146919432,0.2132701421800948,0.05687203791469194,0.11433305716652858,0.8373015873015873
BREAST,280,280,4311,608,1953,1110,101,1151,646,2275,108,45,546,15.396428571428572,0.38571428571428573,0.16071428571428573,0.2669914173045697,0.5128205128205128
CERVICAL,64,64,243,35,91,65,2,67,37,130,21,2,81,3.796875,0.328125,0.03125,0.2757201646090535,0.7901234567901234
COLORECTAL,156,156,1584,254,796,272,34,295,260,957,45,16,331,10.153846153846153,0.28846153846153844,0.10256410256410256,0.18623737373737373,0.47129909365558914
ENDOMETRIAL,93,93,287,24,148,75,10,80,34,151,18,10,78,3.086021505376344,0.1935483870967742,0.10752688172043011,0.2787456445993031,1.1923076923076923
ESOPHAGEAL,68,68,339,47,163,67,12,73,50,195,17,12,105,4.985294117647059,0.25,0.17647058823529413,0.2153392330383481,0.6476190476190476
GALLBLADDER,18,18,62,2,45,8,0,11,2,49,4,0,28,3.4444444444444446,0.2222222222222222,0.0,0.1774193548387097,0.6428571428571429
GASTRIC,88,88,720,75,401,140,17,165,78,445,24,8,152,8.181818181818182,0.2727272727272727,0.09090909090909091,0.22916666666666666,0.5789473684210527
LARYNX,26,26,95,17,53,14,0,17,18,58,6,0,26,3.6538461538461537,0.23076923076923078,0.0,0.17894736842105263,1.0
LEUKEMIA,234,234,5104,1012,2257,878,152,972,1036,2819,89,48,397,21.811965811965813,0.3803418803418803,0.20512820512820512,0.19043887147335423,0.5894206549118388
LIVER,109,109,377,65,163,80,10,93,69,191,30,9,127,3.458715596330275,0.27522935779816515,0.08256880733944955,0.246684350132626,0.8582677165354331
LUNG,215,215,3420,533,1593,790,56,845,541,1912,71,28,429,15.906976744186046,0.3302325581395349,0.13023255813953488,0.24707602339181287,0.5011655011655012
LYMPHOMA,190,190,3333,554,1639,565,35,596,581,2069,65,25,311,17.542105263157893,0.34210526315789475,0.13157894736842105,0.1788178817881788,0.6109324758842444
MELANOMA,123,123,690,173,327,81,4,86,184,406,27,4,177,5.609756097560975,0.21951219512195122,0.032520325203252036,0.1246376811594203,0.6949152542372882
MULTIPLE MYELOMA,109,109,1841,309,867,370,22,379,317,1115,38,12,219,16.889908256880734,0.3486238532110092,0.11009174311926606,0.20586637696903856,0.4977168949771689
OVARIAN,150,150,1116,171,483,209,47,232,195,582,45,17,293,7.44,0.3,0.11333333333333333,0.2078853046594982,0.5119453924914675
PANCREATIC,122,122,927,195,480,80,11,97,215,595,12,11,251,7.598360655737705,0.09836065573770492,0.09016393442622951,0.104638619201726,0.4860557768924303
PROSTATE,191,191,1366,172,683,260,53,297,189,787,51,24,266,7.151832460732984,0.2670157068062827,0.1256544502617801,0.21742313323572474,0.7180451127819549
RENAL,91,91,499,73,252,78,12,78,81,315,25,9,132,5.483516483516484,0.27472527472527475,0.0989010989010989,0.156312625250501,0.6893939393939394
THYROID,58,58,119,12,63,10,8,11,16,71,7,8,51,2.0517241379310347,0.1206896551724138,0.13793103448275862,0.09243697478991597,1.1372549019607843
UNCLASSIFIED,591,591,6633,1982,2460,997,266,1091,2056,2940,280,148,1035,11.223350253807107,0.47377326565143824,0.25042301184433163,0.16448062716719433,0.5710144927536231
