canonical_drug,n_target_cancers,total_target_trials,completed_target_trials,active_target_trials,total_target_sponsors,cancer_breadth,active_trial_rank,total_trial_rank,competitive_breadth,overall_presence_rank
CARBOPLATIN,4,463,368,95,169,1.0,1,2,ALL 4 TIER-1 CANCERS,1
CISPLATIN,4,359,293,66,146,1.0,2,3,ALL 4 TIER-1 CANCERS,2
PEMETREXED,4,253,190,63,96,1.0,3,9,ALL 4 TIER-1 CANCERS,3
GEMCITABINE,4,520,462,58,278,1.0,4,1,ALL 4 TIER-1 CANCERS,4
DURVALUMAB,4,106,48,58,62,1.0,4,17,ALL 4 TIER-1 CANCERS,5
PEMBROLIZUMAB,4,146,92,54,114,1.0,6,13,ALL 4 TIER-1 CANCERS,6
BEVACIZUMAB,4,269,219,50,156,1.0,7,8,ALL 4 TIER-1 CANCERS,7
ATEZOLIZUMAB,4,100,53,47,59,1.0,8,18,ALL 4 TIER-1 CANCERS,8
OXALIPLATIN,4,323,278,45,187,1.0,9,4,ALL 4 TIER-1 CANCERS,9
PACLITAXEL,4,297,252,45,130,1.0,9,5,ALL 4 TIER-1 CANCERS,10
FLUOROURACIL,4,274,234,40,158,1.0,12,7,ALL 4 TIER-1 CANCERS,11
IRINOTECAN,4,294,257,37,176,1.0,13,6,ALL 4 TIER-1 CANCERS,12
DOCETAXEL,4,217,184,33,113,1.0,14,12,ALL 4 TIER-1 CANCERS,13
NIVOLUMAB,4,124,92,32,90,1.0,15,15,ALL 4 TIER-1 CANCERS,14
CAPECITABINE,4,234,204,30,155,1.0,16,10,ALL 4 TIER-1 CANCERS,15
